Top queries,Clicks,Impressions,CTR,Position
x59408300151,2,5,40%,24.2
diesel parts near me,1,2,50%,23.5
0001510433,0,111,0%,67.92
0000911128,0,111,0%,71.03
0049976736,0,99,0%,79.71
0000530826,0,98,0%,74.51
0299976748,0,92,0%,88.82
0001424957,0,68,0%,84.03
x57508300091,0,67,0%,53.13
5240530301,0,67,0%,62.21
mtu 2000 overhaul,0,64,0%,65.64
deutz engine parts,0,55,0%,79.18
0005356430,0,48,0%,31.27
0000530361,0,46,0%,72.26
diesel engine spare parts,0,46,0%,88.39
deutz diesel engine parts,0,43,0%,77.26
deutz motor parts,0,38,0%,78.13
f30006212,0,37,0%,53.46
oem diesel parts,0,36,0%,22.92
industrial engine parts,0,31,0%,31.58
0219976647,0,28,0%,65.89
mtu 2000 repair,0,26,0%,67.96
deutz parts,0,26,0%,82.58
8692040010,0,22,0%,40.14
0005360101,0,22,0%,52.14
0000925105,0,19,0%,19.53
mtu parts,0,19,0%,44.79
mtu series 2000,0,19,0%,56.63
mtu 2000 engine dealer,0,19,0%,75.16
mtu engine parts,0,18,0%,34
700429024000,0,18,0%,56.83
diesel generator parts,0,18,0%,89.83
mtu 8v396tc82,0,17,0%,92.71
5100850060,0,16,0%,50.56
x59414100022,0,15,0%,39.73
mtu 18v2000g63,0,15,0%,59.27
5241420780,0,15,0%,74.27
000912010014,0,14,0%,23
0120373618,0,14,0%,46.14
mtu 16v396tb94,0,14,0%,69.57
5319970245,0,13,0%,17.62
x00041552,0,13,0%,25.23
5240530120,0,13,0%,26.62
700327028000,0,13,0%,36.92
5272010505,0,13,0%,47.69
mtu 16v396tb93,0,13,0%,81.31
5840780024,0,12,0%,18.42
5240550550,0,12,0%,29.5
0000534335,0,12,0%,36.58
5240530305,0,12,0%,68.58
x52420300037,0,11,0%,18.82
x54999100010,0,11,0%,32.91
5241880180,0,11,0%,42.64
5240382550,0,11,0%,45.91
700327012000,0,11,0%,46.09
5240383710,0,11,0%,49.36
mtu 2000 serie,0,11,0%,49.91
5241870380,0,11,0%,59.18
deutz spare parts,0,11,0%,73.91
0120370618,0,10,0%,77.5
5240530122,0,9,0%,23.89
x00e50201940,0,9,0%,24.89
5244920181,0,9,0%,27.78
5272010153,0,9,0%,39.67
mtu diesel parts,0,9,0%,40.67
xp52414800015,0,9,0%,41.78
mtu spare parts,0,9,0%,42.89
700223010000,0,9,0%,50.11
0120370819,0,9,0%,50.89
5240980281,0,9,0%,51.56
700327015000,0,9,0%,57.11
700429260000,0,9,0%,61.44
x00e50210379,0,9,0%,71.78
0002030181,0,9,0%,87.11
diesel parts store,0,8,0%,5.25
700429100000,0,8,0%,43
0000530926,0,8,0%,50.62
5240530830,0,8,0%,51.12
0000180680,0,8,0%,53.88
700429042001,0,8,0%,73.12
5240530805,0,8,0%,75.12
industrial engine production database,0,8,0%,79.25
mtu 8v396tb53,0,8,0%,88.38
0025318485,0,7,0%,25.14
0090375019,0,7,0%,36.14
0035352531,0,7,0%,40.29
xp58420400009,0,7,0%,42
700429036001,0,7,0%,49.86
mtu 2000 series,0,7,0%,51.14
mtu engine spare parts,0,7,0%,52.43
0031845301,0,7,0%,57.57
mtu 12v183te52,0,7,0%,67.71
700327022000,0,7,0%,86
partsource,0,6,0%,4.67
diesel truck parts near me,0,6,0%,8.83
0021882301/29,0,6,0%,20
mtu parts catalog,0,6,0%,37.5
mtu 2000 spare parts,0,6,0%,40.67
mtu 2000 parts,0,6,0%,41.5
x52403800001,0,6,0%,52.33
0000184560,0,6,0%,65.67
mtu 8v183te52,0,6,0%,71.33
5240510110,0,6,0%,79.33
0080375819,0,6,0%,90.33
ex59403800071/42,0,5,0%,15.4
0002016419,0,5,0%,26
mtu 2000 service,0,5,0%,39.2
5591420451,0,5,0%,41.8
mtu parts online,0,5,0%,46
mtu 2000 engine parts,0,5,0%,46.2
5240332630,0,5,0%,49.2
marine diesel engines parts,0,5,0%,60.4
industrial engine service,0,5,0%,60.8
marine diesel engine spare parts,0,5,0%,64.6
mtu 2000 motorteile,0,5,0%,65.4
marine diesel engine parts,0,5,0%,66.6
deutz cooling parts,0,5,0%,68.8
deutz diesel engine part,0,5,0%,76.8
duetz engine parts,0,5,0%,79.8
5249900605,0,5,0%,82.2
industrial engine components,0,5,0%,84.8
0035352231,0,4,0%,12.5
700429108000,0,4,0%,26
700429050003,0,4,0%,31.25
mtu injectors,0,4,0%,32.75
new oem engine parts,0,4,0%,33.25
mtu 2000 teile,0,4,0%,49
industrial equipment engine supplier,0,4,0%,56.75
deutz engine supplier,0,4,0%,58.75
5240336602,0,4,0%,68.25
deutz diesel parts,0,4,0%,76.5
parts for deutz engine,0,4,0%,78
mtu 16v396tc52,0,4,0%,93.75
rbx002278,0,3,0%,1
mtu serial number lookup,0,3,0%,6.33
dieselpart,0,3,0%,7.33
5360900250,0,3,0%,10
mtu oil filter,0,3,0%,12.67
8695860572,0,3,0%,15
5410180233,0,3,0%,22.67
mtu 2000 ersatzteile,0,3,0%,25
0052031575,0,3,0%,28.33
8691840027,0,3,0%,31
mtu spare parts catalog pdf,0,3,0%,32
industrial engine maintenance,0,3,0%,36.67
0180945802,0,3,0%,50
mtu 8v396te54,0,3,0%,53.67
x52499100815,0,3,0%,54.33
5241420580,0,3,0%,56.33
700429010004,0,3,0%,62.33
mtu parts suppliers,0,3,0%,65.33
cummins engine spare parts,0,3,0%,67.33
x59420300092,0,3,0%,71.33
mtu part,0,3,0%,74.33
diesel marine parts,0,3,0%,75
oem engine assembly manufacturer,0,3,0%,77
duetz parts,0,3,0%,86.33
industrial engines wholesale,0,3,0%,86.33
ship engine parts,0,3,0%,87
replacement industrial engines,0,3,0%,87.67
industrial engine spares,0,3,0%,90.67
mtu 8v396tc52,0,3,0%,98.33
kohler small engine dealer near me,0,2,0%,1
454 crate engine for sale,0,2,0%,4
lm2 engine for sale,0,2,0%,6.5
yanmar diesel engines,0,2,0%,6.5
diesel engine,0,2,0%,7
x53608200005,0,2,0%,7
air cooled diesel engine for sale,0,2,0%,8.5
5410501336,0,2,0%,9
diesel and industrial engine spares,0,2,0%,28
x00021242,0,2,0%,29.5
quick ship engine parts,0,2,0%,31.5
x59514100001,0,2,0%,33.5
700429038003,0,2,0%,36
diesel source,0,2,0%,48
0000160119,0,2,0%,50
0005333080,0,2,0%,53.5
mtu 20v1163tb82,0,2,0%,53.5
mtu 2000,0,2,0%,56.5
8591840001,0,2,0%,58.5
mtu 2000 marine engine,0,2,0%,58.5
man diesel engine spare parts service,0,2,0%,60.5
mtu 10v183aa51,0,2,0%,60.5
diesel engine parts online,0,2,0%,62
mtu 16v538tb90,0,2,0%,62
industrial generator parts,0,2,0%,64
diesel engines parts,0,2,0%,68.5
man diesel repair parts supplier,0,2,0%,69.5
deutz engine part,0,2,0%,70
mtu 16v538tb91,0,2,0%,75
oem tractor engine parts,0,2,0%,75
spare parts for diesel engines,0,2,0%,78
0001750080,0,2,0%,78.5
deutz diesel engine parts online,0,2,0%,78.5
diesel engine parts,0,2,0%,78.5
diesel engine generator parts,0,2,0%,79.5
deutz spare parts supplier,0,2,0%,80
diesel engine spare parts supplier,0,2,0%,80
5240111380,0,2,0%,81
man diesel maintenance parts exporter,0,2,0%,81
cummins diesel motor parts,0,2,0%,85.5
diesel generator engine parts,0,2,0%,88
engine parts mtu,0,2,0%,91.5
industrial engines supplier,0,2,0%,93
marine machinery spare parts,0,2,0%,93
detroit diesel parts distribution,0,2,0%,95.5
rebuilt diesel engines,0,1,0%,1
remanufactured cylinder heads near me,0,1,0%,1
37327,0,1,0%,2
diesel engine for sale near me,0,1,0%,2
yanmar diesel engine parts,0,1,0%,2
yanmar engine dealer near me,0,1,0%,2
yanmar parts,0,1,0%,2
partsourse,0,1,0%,3
part source,0,1,0%,4
7.3 idi diesel engine for sale,0,1,0%,5
turbo mtu,0,1,0%,5
how do i get genuine mtu and detroit engine parts fast to avoid downtime?,0,1,0%,6
lister engine for sale,0,1,0%,6
yanmar engines for sale,0,1,0%,6
4bt cummins and transmission for sale,0,1,0%,7
cav fuel injection pump for sale,0,1,0%,7
diesel,0,1,0%,7
0031845201,0,1,0%,8
duramax diesel engines for sale,0,1,0%,8
6.7 cummins engine for sale,0,1,0%,9
diésel,0,1,0%,9
injectors for 2006 5.9 cummins,0,1,0%,9
yanmar engine for sale,0,1,0%,9
5360910201,0,1,0%,10
best place to buy remanufactured engine,0,1,0%,10
crate engines for sale,0,1,0%,10
oem diesel engine,0,1,0%,10
what,0,1,0%,10
x00e50214099,0,1,0%,10
mtu engine serial number,0,1,0%,11
0002041116,0,1,0%,12
x53507500012,0,1,0%,12
engines for sale,0,1,0%,13
d239 engine for sale,0,1,0%,14
perkins diesel engine for sale,0,1,0%,15
xp59501800187,0,1,0%,15
mtu engine parts supplier,0,1,0%,17
mtu filter,0,1,0%,17
diesel oem,0,1,0%,18
genuine marine diesel spare parts,0,1,0%,18
mtu filters,0,1,0%,18
x52408100020,0,1,0%,19
diesel generator parts support,0,1,0%,20
f6801820,0,1,0%,24
oem diesel engine supplier,0,1,0%,27
power parts supply bv,0,1,0%,28
cheap used engines for sale,0,1,0%,30
industrial diesel engine parts,0,1,0%,31
700429058001,0,1,0%,38
diesel source inc,0,1,0%,39
mtu turbocharger,0,1,0%,44
diesel engine rail,0,1,0%,46
magnum diesel parts inc,0,1,0%,46
marine diesel parts,0,1,0%,49
mtu 6r099ta51,0,1,0%,50
cummins diesel engines and parts,0,1,0%,52
mtu 2000 reparatur,0,1,0%,52
cummins diesel engine parts,0,1,0%,53
mtu 16v1163,0,1,0%,53
mtu part number search,0,1,0%,54
diesel engine parts supplier,0,1,0%,57
mtu parts distributors,0,1,0%,57
mtu oil category 2,0,1,0%,58
engine parts contact,0,1,0%,59
man diesel marine engine parts service,0,1,0%,60
memo deutz parts,0,1,0%,60
mtu 16v595te90,0,1,0%,60
genuine marine engine parts,0,1,0%,63
mtu 0031845301,0,1,0%,63
part number 4000,0,1,0%,63
buy ship engines,0,1,0%,66
700429033000,0,1,0%,67
deutz engine parts canada,0,1,0%,67
deutz marine engine parts,0,1,0%,68
mtu 20v538tb92,0,1,0%,68
deutz replacement parts usa,0,1,0%,69
diesel engine parts manufacturers,0,1,0%,69
machinery engine parts,0,1,0%,69
mtu 8v396,0,1,0%,71
deutz diesel engine parts aftermarket,0,1,0%,72
industrial engine overhaul,0,1,0%,72
mtu 396,0,1,0%,72
4 stroke diesel engine spare parts,0,1,0%,73
deutz repair parts aftermarket,0,1,0%,73
mtu 396 specifications,0,1,0%,73
x52404200043,0,1,0%,73
deutz marine parts,0,1,0%,75
man diesel pump spare parts supplier,0,1,0%,75
deutz diesel engine parts replacement,0,1,0%,76
engine oem,0,1,0%,76
machinery engines parts,0,1,0%,76
deutz aftermarket parts,0,1,0%,77
man diesel repair parts wholesale,0,1,0%,77
ship engine replacement parts,0,1,0%,77
x52499100021,0,1,0%,77
detroit diesel engine parts,0,1,0%,78
mtu 2000 engine,0,1,0%,79
ship engine parts online,0,1,0%,80
marine diesel engine suppliers,0,1,0%,81
58038044000,0,1,0%,82
kut diesel,0,1,0%,82
man diesel diesel engine parts supplier,0,1,0%,83
diesel engine parts suppliers,0,1,0%,84
diesel parts,0,1,0%,85
industrial engine spare parts,0,1,0%,85
deutz engine parts dealer,0,1,0%,86
700386050002,0,1,0%,87
detroit diesel parts,0,1,0%,87
mtu 20v1163,0,1,0%,87
oem detroit diesel engine parts,0,1,0%,87
oem specs,0,1,0%,87
diesel engine parts manufacturer,0,1,0%,88
oem marine spare parts,0,1,0%,88
x00043218,0,1,0%,88
x59408300082,0,1,0%,88
spare parts of diesel engine,0,1,0%,89
genuine diesel,0,1,0%,90
diesel generator set parts,0,1,0%,91
parts diesel,0,1,0%,91
man diesel repair parts exporter,0,1,0%,94
marine diesel engine parts supplier,0,1,0%,94
diesel engine parts quotation supplier,0,1,0%,95
medium duty diesel engine parts,0,1,0%,95
oem ship engine spare parts supplier,0,1,0%,95
diesel locomotive parts,0,1,0%,97
700429253000,0,1,0%,99
ship engine spare parts,0,1,0%,99